14:55:53;18,34;18,593;-827,757;-827,757
14:56:14;18,424;18,653;-827,757;-827,757
14:56:34;18,577;31,102;-827,757;-827,757
14:56:54;18,374;24,425;-827,757;-827,757
14:57:14;18,458;21,344;-827,757;-827,757
14:57:34;18,517;20,015;-827,757;-827,757
14:57:54;18,484;19,389;-827,757;-827,757
14:58:14;18,517;19,152;-827,757;-827,757
14:58:34;18,391;18,949;-827,757;-827,757
14:58:54;18,374;18,83;-827,757;-827,757
14:59:14;18,306;18,771;-827,757;-827,757
14:59:34;18,424;18,712;-827,757;-827,757
14:59:54;18,365;18,737;-827,757;-827,757
15:00:14;18,34;18,712;-827,757;-827,757
15:00:34;18,365;18,619;-827,757;-827,757
15:00:54;18,424;18,619;-827,757;-827,757
15:01:14;18,34;18,619;-827,757;-827,757
15:01:34;18,34;18,737;-827,757;-827,757
15:01:54;18,306;18,678;-827,757;-827,757
15:02:14;18,315;18,619;-827,757;-827,757
15:02:34;18,365;18,653;-827,757;-827,757
15:02:54;18,424;18,712;-827,757;-827,757
15:03:14;18,306;18,653;-827,757;-827,757
15:03:34;18,306;18,619;-827,757;-827,757
15:03:54;18,458;18,805;-827,757;-827,757
15:04:14;18,484;18,796;-827,757;-827,757
15:04:34;18,543;18,737;-827,757;-827,757
15:04:54;18,458;18,712;-827,757;-827,757
15:05:14;18,458;18,678;-827,757;-827,757
15:05:34;18,424;18,678;-827,757;-827,757
15:05:54;18,484;18,678;-827,757;-827,757
15:06:14;18,577;18,856;-827,757;-827,757
15:06:34;18,602;18,856;-827,757;-827,757
15:06:54;18,551;18,771;-827,757;-827,757
15:07:14;18,543;18,796;-827,757;-827,757
15:07:34;18,458;18,83;-827,757;-827,757
15:07:54;18,458;18,83;-827,757;-827,757
15:08:14;18,458;18,83;-827,757;-827,757
15:08:34;18,484;18,856;-827,757;-827,757
15:08:54;18,517;18,915;-827,757;-827,757
15:09:14;18,484;18,805;-827,757;-827,757
15:09:34;18,399;18,83;-827,757;-827,757
15:09:54;18,509;18,796;-827,757;-827,757
15:10:14;18,517;18,737;-827,757;-827,757
15:10:34;18,577;18,974;-827,757;-827,757
15:10:54;18,636;18,974;-827,757;-827,757
15:11:14;18,577;18,856;-827,757;-827,757
15:11:34;18,517;18,678;-827,757;-827,757
15:11:54;18,602;18,737;-827,757;-827,757
15:12:15;18,661;18,805;-827,757;-827,757
15:12:35;18,661;18,83;-827,757;-827,757
15:12:55;18,661;18,864;-827,757;-827,757
15:13:15;18,695;18,889;-827,757;-827,757
15:13:35;18,61;18,915;-827,757;-827,757
15:13:55;18,577;18,796;-827,757;-827,757
15:14:15;18,517;18,771;-827,757;-827,757
15:14:35;18,602;18,771;-827,757;-827,757
15:14:55;18,661;18,889;-827,757;-827,757
15:15:15;18,686;18,974;-827,757;-827,757
15:15:35;18,661;18,915;-827,757;-827,757
15:15:55;18,661;18,915;-827,757;-827,757
15:16:15;18,695;18,974;-827,757;-827,757
15:16:35;18,754;19,008;-827,757;-827,757
15:16:55;18,72;18,974;-827,757;-827,757
15:17:15;18,661;18,974;-827,757;-827,757
15:17:35;18,661;18,856;-827,757;-827,757
15:17:55;18,636;18,906;-827,757;-827,757
15:18:15;18,695;18,915;-827,757;-827,757
15:18:35;18,661;18,889;-827,757;-827,757
15:18:55;18,695;18,949;-827,757;-827,757
15:19:15;18,686;18,949;-827,757;-827,757
15:19:35;18,636;18,889;-827,757;-827,757
15:19:55;18,636;18,856;-827,757;-827,757
15:20:15;18,577;18,915;-827,757;-827,757
15:20:35;18,568;18,856;-827,757;-827,757
15:20:55;18,695;18,856;-827,757;-827,757
15:21:15;18,754;18,889;-827,757;-827,757
15:21:35;18,695;18,856;-827,757;-827,757
15:21:55;18,695;18,889;-827,757;-827,757
15:22:15;18,695;18,856;-827,757;-827,757
15:22:35;18,729;18,949;-827,757;-827,757
15:22:55;18,72;18,915;-827,757;-827,757
15:23:15;18,72;18,974;-827,757;-827,757
15:23:35;18,864;19,067;-827,757;-827,757
15:23:55;18,872;19,101;-827,757;-827,757
15:24:15;18,872;19,067;-827,757;-827,757
15:24:35;18,898;19,067;-827,757;-827,757
15:24:55;18,872;19,186;-827,757;-827,757
15:25:15;18,872;19,093;-827,757;-827,757
15:25:35;18,872;19,033;-827,757;-827,757
15:25:55;18,838;19,067;-827,757;-827,757
15:26:15;18,838;19,186;-827,757;-827,757
15:26:35;18,788;18,999;-827,757;-827,757
15:26:55;18,838;19,093;-827,757;-827,757
15:27:15;18,898;19,126;-827,757;-827,757
15:27:35;18,872;19,126;-827,757;-827,757
15:27:55;18,931;19,093;-827,757;-827,757
15:28:15;18,838;18,999;-827,757;-827,757
15:28:36;18,72;19,126;-827,757;-827,757
15:28:56;18,779;19,152;-827,757;-827,757
15:29:16;18,813;19,093;-827,757;-827,757
15:29:36;18,898;19,211;-827,757;-827,757
15:29:56;18,838;19,101;-827,757;-827,757
15:30:16;18,872;19,126;-827,757;-827,757
15:30:36;18,931;19,093;-827,757;-827,757
15:30:56;18,957;19,126;-827,757;-827,757
15:31:16;18,923;19,067;-827,757;-827,757
15:31:36;18,957;19,126;-827,757;-827,757
15:31:56;19,016;19,177;-827,757;-827,757
15:32:16;18,957;19,152;-827,757;-827,757
15:32:36;18,991;19,126;-827,757;-827,757
15:32:56;18,898;19,152;-827,757;-827,757
15:33:16;18,957;19,126;-827,757;-827,757
15:33:36;18,813;19,177;-827,757;-827,757
15:33:56;18,931;19,126;-827,757;-827,757
15:34:16;18,957;19,177;-827,757;-827,757
15:34:36;18,898;19,186;-827,757;-827,757
15:34:56;18,991;19,093;-827,757;-827,757
15:35:16;18,957;19,126;-827,757;-827,757
15:35:36;18,965;19,126;-827,757;-827,757
15:35:56;18,991;19,126;-827,757;-827,757
15:36:16;18,957;19,126;-827,757;-827,757
15:36:36;19,016;19,126;-827,757;-827,757
15:36:56;18,957;19,126;-827,757;-827,757
15:37:16;18,991;19,304;-827,757;-827,757
15:37:36;19,016;19,448;-827,757;-827,757
15:37:56;18,991;19,27;-827,757;-827,757
15:38:16;19,05;19,211;-827,757;-827,757
15:38:36;18,991;19,296;-827,757;-827,757
15:38:56;19,05;19,304;-827,757;-827,757
15:39:16;19,109;19,304;-827,757;-827,757
15:39:36;19,016;19,389;-827,757;-827,757
15:39:56;18,931;19,304;-827,757;-827,757
15:40:16;18,898;19,389;-827,757;-827,757
15:40:36;18,872;19,329;-827,757;-827,757
15:40:56;18,898;19,363;-827,757;-827,757
15:41:16;18,898;19,423;-827,757;-827,757
15:41:36;18,838;19,448;-827,757;-827,757
15:41:56;18,813;19,397;-827,757;-827,757
15:42:16;18,898;19,423;-827,757;-827,757
15:42:36;19,016;19,304;-827,757;-827,757
15:42:56;18,898;19,211;-827,757;-827,757
15:43:16;18,838;19,152;-827,757;-827,757
15:43:36;18,872;19,126;-827,757;-827,757
15:43:56;18,957;19,152;-827,757;-827,757
15:44:16;18,872;19,27;-827,757;-827,757
15:44:36;18,957;19,27;-827,757;-827,757
15:44:56;19,016;19,296;-827,757;-827,757
15:45:17;19,05;19,338;-827,757;-827,757
15:45:37;18,931;19,186;-827,757;-827,757
15:45:57;18,898;19,177;-827,757;-827,757
15:46:17;18,898;19,118;-827,757;-827,757
15:46:37;18,898;19,152;-827,757;-827,757
15:46:57;18,931;19,126;-827,757;-827,757
15:47:17;18,872;19,152;-827,757;-827,757
15:47:37;18,931;19,126;-827,757;-827,757
15:47:57;18,872;19,126;-827,757;-827,757
15:48:17;18,957;19,186;-827,757;-827,757
